{
	"credit": "Made with Blockbench",
	"texture_size": [64, 64],
	"textures": {
		"1": "item/rocket_launcher/rpg"
	},
	"elements": [
		{
			"from": [7.59709, 14.4796, 7.61831],
			"to": [8.39709, 15.6296, 8.41831],
			"rotation": {"angle": -45, "axis": "y", "origin": [8, 10.1921, 8]},
			"faces": {
				"north": {"uv": [5.5, 6.25, 5.875, 6.625], "rotation": 90, "texture": "#1"},
				"east": {"uv": [2.625, 6.5, 2.25, 6.875], "rotation": 270, "texture": "#1"},
				"south": {"uv": [6.5, 0.5, 6.875, 0.875], "rotation": 270, "texture": "#1"},
				"west": {"uv": [6.875, 2.125, 6.5, 1.75], "rotation": 270, "texture": "#1"},
				"up": {"uv": [0, 6.5, 0.375, 6.875], "rotation": 270, "texture": "#1"},
				"down": {"uv": [1.75, 6.5, 2.125, 6.875], "rotation": 270, "texture": "#1"}
			}
		},
		{
			"from": [7.49709, 7.5796, 7.51831],
			"to": [8.49709, 8.7296, 8.51831],
			"rotation": {"angle": -45, "axis": "y", "origin": [8, 10.1921, 8]},
			"faces": {
				"north": {"uv": [6.5, 2.25, 6.875, 2.625], "rotation": 90, "texture": "#1"},
				"east": {"uv": [6.875, 4.75, 6.5, 5.125], "rotation": 270, "texture": "#1"},
				"south": {"uv": [6.5, 3.25, 6.875, 3.625], "rotation": 270, "texture": "#1"},
				"west": {"uv": [6.875, 4.625, 6.5, 4.25], "rotation": 270, "texture": "#1"},
				"up": {"uv": [6.5, 2.75, 6.875, 3.125], "rotation": 270, "texture": "#1"},
				"down": {"uv": [6.5, 3.75, 6.875, 4.125], "rotation": 270, "texture": "#1"}
			}
		},
		{
			"from": [7.44709, -0.0204, 7.46831],
			"to": [8.54709, 7.5796, 8.56831],
			"rotation": {"angle": -45, "axis": "y", "origin": [8, 10.1921, 8]},
			"faces": {
				"north": {"uv": [5.75, 0, 6.25, 0.375], "rotation": 90, "texture": "#1"},
				"east": {"uv": [6.5, 0.5, 6, 0.875], "rotation": 270, "texture": "#1"},
				"south": {"uv": [5.75, 5.25, 6.25, 5.625], "rotation": 270, "texture": "#1"},
				"west": {"uv": [6.25, 6.125, 5.75, 5.75], "rotation": 270, "texture": "#1"},
				"up": {"uv": [6.5, 5.25, 6.875, 5.625], "rotation": 270, "texture": "#1"},
				"down": {"uv": [6.5, 5.75, 6.875, 6.125], "rotation": 270, "texture": "#1"}
			}
		},
		{
			"from": [7.74709, 15.6296, 7.76831],
			"to": [8.24709, 17.5796, 8.26831],
			"rotation": {"angle": -45, "axis": "y", "origin": [8, 10.1921, 8]},
			"faces": {
				"north": {"uv": [4.75, 1.75, 5.5, 2], "rotation": 90, "texture": "#1"},
				"east": {"uv": [6.75, 1.5, 6, 1.75], "rotation": 270, "texture": "#1"},
				"south": {"uv": [6, 1, 6.75, 1.25], "rotation": 270, "texture": "#1"},
				"west": {"uv": [6.75, 1.5, 6, 1.25], "rotation": 270, "texture": "#1"},
				"up": {"uv": [2.5, 3.75, 2.75, 4], "rotation": 270, "texture": "#1"},
				"down": {"uv": [5.25, 3.75, 5.5, 4], "rotation": 270, "texture": "#1"}
			}
		},
		{
			"from": [6.94709, 11.2296, 6.96831],
			"to": [9.04709, 12.0796, 9.06831],
			"rotation": {"angle": -45, "axis": "y", "origin": [8, 10.1921, 8]},
			"faces": {
				"north": {"uv": [2.5, 3, 2.75, 3.75], "rotation": 90, "texture": "#1"},
				"east": {"uv": [1.5, 6, 1.25, 6.75], "rotation": 270, "texture": "#1"},
				"south": {"uv": [4.25, 5.5, 4.5, 6.25], "rotation": 270, "texture": "#1"},
				"west": {"uv": [1.25, 6.75, 1, 6], "rotation": 270, "texture": "#1"},
				"up": {"uv": [1.5, 4, 2.25, 4.75], "rotation": 270, "texture": "#1"},
				"down": {"uv": [2.25, 4, 3, 4.75], "rotation": 270, "texture": "#1"}
			}
		},
		{
			"from": [7.09709, 12.0796, 7.11831],
			"to": [8.89709, 13.3296, 8.91831],
			"rotation": {"angle": -45, "axis": "y", "origin": [8, 10.1921, 8]},
			"faces": {
				"north": {"uv": [2.75, 5.5, 3.125, 6.125], "rotation": 90, "texture": "#1"},
				"east": {"uv": [5.875, 3.75, 5.5, 4.375], "rotation": 270, "texture": "#1"},
				"south": {"uv": [3.25, 5.5, 3.625, 6.125], "rotation": 270, "texture": "#1"},
				"west": {"uv": [4.125, 6.125, 3.75, 5.5], "rotation": 270, "texture": "#1"},
				"up": {"uv": [4.75, 1, 5.375, 1.625], "rotation": 270, "texture": "#1"},
				"down": {"uv": [1.75, 4.75, 2.375, 5.375], "rotation": 270, "texture": "#1"}
			}
		},
		{
			"from": [7.09709, 9.8796, 7.11831],
			"to": [8.89709, 11.2296, 8.91831],
			"rotation": {"angle": -45, "axis": "y", "origin": [8, 10.1921, 8]},
			"faces": {
				"north": {"uv": [5.5, 4.5, 5.875, 5.125], "rotation": 90, "texture": "#1"},
				"east": {"uv": [0.375, 5.75, 0, 6.375], "rotation": 270, "texture": "#1"},
				"south": {"uv": [4.75, 5.5, 5.125, 6.125], "rotation": 270, "texture": "#1"},
				"west": {"uv": [5.625, 6.125, 5.25, 5.5], "rotation": 270, "texture": "#1"},
				"up": {"uv": [2.5, 4.75, 3.125, 5.375], "rotation": 270, "texture": "#1"},
				"down": {"uv": [3.25, 4.75, 3.875, 5.375], "rotation": 270, "texture": "#1"}
			}
		},
		{
			"from": [7.34709, 13.3296, 7.36831],
			"to": [8.64709, 14.4796, 8.66831],
			"rotation": {"angle": -45, "axis": "y", "origin": [8, 10.1921, 8]},
			"faces": {
				"north": {"uv": [6, 2.75, 6.375, 3.25], "rotation": 90, "texture": "#1"},
				"east": {"uv": [6.375, 4.25, 6, 4.75], "rotation": 270, "texture": "#1"},
				"south": {"uv": [6, 3.25, 6.375, 3.75], "rotation": 270, "texture": "#1"},
				"west": {"uv": [6.375, 4.25, 6, 3.75], "rotation": 270, "texture": "#1"},
				"up": {"uv": [1, 5.5, 1.5, 6], "rotation": 270, "texture": "#1"},
				"down": {"uv": [5.5, 1.5, 6, 2], "rotation": 270, "texture": "#1"}
			}
		},
		{
			"from": [7.34709, 8.7296, 7.36831],
			"to": [8.64709, 9.8796, 8.66831],
			"rotation": {"angle": -45, "axis": "y", "origin": [8, 10.1921, 8]},
			"faces": {
				"north": {"uv": [3.25, 6.25, 3.625, 6.75], "rotation": 90, "texture": "#1"},
				"east": {"uv": [5.125, 6.25, 4.75, 6.75], "rotation": 270, "texture": "#1"},
				"south": {"uv": [3.75, 6.25, 4.125, 6.75], "rotation": 270, "texture": "#1"},
				"west": {"uv": [4.625, 6.75, 4.25, 6.25], "rotation": 270, "texture": "#1"},
				"up": {"uv": [2.25, 5.5, 2.75, 6], "rotation": 270, "texture": "#1"},
				"down": {"uv": [5.5, 2.5, 6, 3], "rotation": 270, "texture": "#1"}
			}
		},
		{
			"from": [6.94618, 6.23683, 7.8109],
			"to": [7.49618, 7.58683, 8.2109],
			"rotation": {"angle": 22.5, "axis": "z", "origin": [8, 10.1921, 8]},
			"faces": {
				"north": {"uv": [7, 0.5, 7.375, 0.75], "rotation": 90, "texture": "#1"},
				"east": {"uv": [0.875, 7.5, 0.5, 7.625], "rotation": 270, "texture": "#1"},
				"south": {"uv": [7, 0.75, 7.375, 1], "rotation": 270, "texture": "#1"},
				"west": {"uv": [7.625, 7.375, 7.25, 7.25], "rotation": 270, "texture": "#1"},
				"up": {"uv": [7.75, 1.75, 7.875, 2], "rotation": 270, "texture": "#1"},
				"down": {"uv": [2, 7.75, 2.125, 8], "rotation": 270, "texture": "#1"}
			}
		},
		{
			"from": [7.7921, 6.15422, 7.00985],
			"to": [8.1921, 7.60422, 7.55985],
			"rotation": {"angle": -22.5, "axis": "x", "origin": [8, 10.1921, 8]},
			"faces": {
				"north": {"uv": [2.25, 7.25, 2.75, 7.375], "rotation": 90, "texture": "#1"},
				"east": {"uv": [5.25, 6.75, 4.75, 7], "rotation": 270, "texture": "#1"},
				"south": {"uv": [7.25, 2.25, 7.75, 2.375], "rotation": 270, "texture": "#1"},
				"west": {"uv": [4.75, 7, 4.25, 6.75], "rotation": 270, "texture": "#1"},
				"up": {"uv": [7.75, 2, 8, 2.125], "rotation": 270, "texture": "#1"},
				"down": {"uv": [2.25, 7.75, 2.5, 7.875], "rotation": 270, "texture": "#1"}
			}
		},
		{
			"from": [7.7921, 6.14287, 8.44486],
			"to": [8.1921, 7.59287, 8.99486],
			"rotation": {"angle": 22.5, "axis": "x", "origin": [8, 10.1921, 8]},
			"faces": {
				"north": {"uv": [2.75, 7.25, 3.25, 7.375], "rotation": 90, "texture": "#1"},
				"east": {"uv": [6.75, 6.75, 6.25, 7], "rotation": 270, "texture": "#1"},
				"south": {"uv": [3.25, 7.25, 3.75, 7.375], "rotation": 270, "texture": "#1"},
				"west": {"uv": [6, 7, 5.5, 6.75], "rotation": 270, "texture": "#1"},
				"up": {"uv": [7.75, 2.25, 8, 2.375], "rotation": 270, "texture": "#1"},
				"down": {"uv": [2.5, 7.75, 2.75, 7.875], "rotation": 270, "texture": "#1"}
			}
		},
		{
			"from": [8.52769, 6.22919, 7.8109],
			"to": [9.07769, 7.47919, 8.2109],
			"rotation": {"angle": -22.5,