{
	"credit": "Made with Blockbench",
	"texture_size": [64, 64],
	"textures": {
		"1": "item/rocket_launcher/rpg"
	},
	"elements": [
		{
			"from": [7.59709, 9.81041, 2.5625],
			"to": [8.39709, 10.61041, 3.7125],
			"rotation": {"angle": 0, "axis": "x", "origin": [8, 10.1921, 8]},
			"faces": {
				"north": {"uv": [0, 6.5, 0.375, 6.875], "rotation": 90, "texture": "#1"},
				"east": {"uv": [2.625, 6.5, 2.25, 6.875], "texture": "#1"},
				"south": {"uv": [1.75, 6.5, 2.125, 6.875], "rotation": 270, "texture": "#1"},
				"west": {"uv": [6.875, 2.125, 6.5, 1.75], "rotation": 180, "texture": "#1"},
				"up": {"uv": [6.5, 0.5, 6.875, 0.875], "rotation": 270, "texture": "#1"},
				"down": {"uv": [5.5, 6.25, 5.875, 6.625], "rotation": 270, "texture": "#1"}
			}
		},
		{
			"from": [7.49709, 9.71041, 9.4625],
			"to": [8.49709, 10.71041, 10.6125],
			"rotation": {"angle": 0, "axis": "x", "origin": [8, 10.1921, 8]},
			"faces": {
				"north": {"uv": [6.5, 2.75, 6.875, 3.125], "rotation": 90, "texture": "#1"},
				"east": {"uv": [6.875, 4.75, 6.5, 5.125], "texture": "#1"},
				"south": {"uv": [6.5, 3.75, 6.875, 4.125], "rotation": 270, "texture": "#1"},
				"west": {"uv": [6.875, 4.625, 6.5, 4.25], "rotation": 180, "texture": "#1"},
				"up": {"uv": [6.5, 3.25, 6.875, 3.625], "rotation": 270, "texture": "#1"},
				"down": {"uv": [6.5, 2.25, 6.875, 2.625], "rotation": 270, "texture": "#1"}
			}
		},
		{
			"from": [7.44709, 9.66041, 10.6125],
			"to": [8.54709, 10.76041, 18.2125],
			"rotation": {"angle": 0, "axis": "x", "origin": [8, 10.1921, 8]},
			"faces": {
				"north": {"uv": [6.5, 5.25, 6.875, 5.625], "rotation": 90, "texture": "#1"},
				"east": {"uv": [6.5, 0.5, 6, 0.875], "texture": "#1"},
				"south": {"uv": [6.5, 5.75, 6.875, 6.125], "rotation": 270, "texture": "#1"},
				"west": {"uv": [6.25, 6.125, 5.75, 5.75], "rotation": 180, "texture": "#1"},
				"up": {"uv": [5.75, 5.25, 6.25, 5.625], "rotation": 270, "texture": "#1"},
				"down": {"uv": [5.75, 0, 6.25, 0.375], "rotation": 270, "texture": "#1"}
			}
		},
		{
			"from": [7.74709, 9.96041, 0.6125],
			"to": [8.24709, 10.46041, 2.5625],
			"rotation": {"angle": 0, "axis": "x", "origin": [8, 10.1921, 8]},
			"faces": {
				"north": {"uv": [2.5, 3.75, 2.75, 4], "rotation": 90, "texture": "#1"},
				"east": {"uv": [6.75, 1.5, 6, 1.75], "texture": "#1"},
				"south": {"uv": [5.25, 3.75, 5.5, 4], "rotation": 270, "texture": "#1"},
				"west": {"uv": [6.75, 1.5, 6, 1.25], "rotation": 180, "texture": "#1"},
				"up": {"uv": [6, 1, 6.75, 1.25], "rotation": 270, "texture": "#1"},
				"down": {"uv": [4.75, 1.75, 5.5, 2], "rotation": 270, "texture": "#1"}
			}
		},
		{
			"from": [6.94709, 9.16041, 6.1125],
			"to": [9.04709, 11.26041, 6.9625],
			"rotation": {"angle": 0, "axis": "x", "origin": [8, 10.1921, 8]},
			"faces": {
				"north": {"uv": [1.5, 4, 2.25, 4.75], "rotation": 90, "texture": "#1"},
				"east": {"uv": [1.5, 6, 1.25, 6.75], "texture": "#1"},
				"south": {"uv": [2.25, 4, 3, 4.75], "rotation": 270, "texture": "#1"},
				"west": {"uv": [1.25, 6.75, 1, 6], "rotation": 180, "texture": "#1"},
				"up": {"uv": [4.25, 5.5, 4.5, 6.25], "rotation": 270, "texture": "#1"},
				"down": {"uv": [2.5, 3, 2.75, 3.75], "rotation": 270, "texture": "#1"}
			}
		},
		{
			"from": [7.09709, 9.31041, 4.8625],
			"to": [8.89709, 11.11041, 6.1125],
			"rotation": {"angle": 0, "axis": "x", "origin": [8, 10.1921, 8]},
			"faces": {
				"north": {"uv": [4.75, 1, 5.375, 1.625], "rotation": 90, "texture": "#1"},
				"east": {"uv": [5.875, 3.75, 5.5, 4.375], "texture": "#1"},
				"south": {"uv": [1.75, 4.75, 2.375, 5.375], "rotation": 270, "texture": "#1"},
				"west": {"uv": [4.125, 6.125, 3.75, 5.5], "rotation": 180, "texture": "#1"},
				"up": {"uv": [3.25, 5.5, 3.625, 6.125], "rotation": 270, "texture": "#1"},
				"down": {"uv": [2.75, 5.5, 3.125, 6.125], "rotation": 270, "texture": "#1"}
			}
		},
		{
			"from": [7.09709, 9.31041, 6.9625],
			"to": [8.89709, 11.11041, 8.3125],
			"rotation": {"angle": 0, "axis": "x", "origin": [8, 10.1921, 8]},
			"faces": {
				"north": {"uv": [2.5, 4.75, 3.125, 5.375], "rotation": 90, "texture": "#1"},
				"east": {"uv": [0.375, 5.75, 0, 6.375], "texture": "#1"},
				"south": {"uv": [3.25, 4.75, 3.875, 5.375], "rotation": 270, "texture": "#1"},
				"west": {"uv": [5.625, 6.125, 5.25, 5.5], "rotation": 180, "texture": "#1"},
				"up": {"uv": [4.75, 5.5, 5.125, 6.125], "rotation": 270, "texture": "#1"},
				"down": {"uv": [5.5, 4.5, 5.875, 5.125], "rotation": 270, "texture": "#1"}
			}
		},
		{
			"from": [7.34709, 9.56041, 3.7125],
			"to": [8.64709, 10.86041, 4.8625],
			"rotation": {"angle": 0, "axis": "x", "origin": [8, 10.1921, 8]},
			"faces": {
				"north": {"uv": [1, 5.5, 1.5, 6], "rotation": 90, "texture": "#1"},
				"east": {"uv": [6.375, 4.25, 6, 4.75], "texture": "#1"},
				"south": {"uv": [5.5, 1.5, 6, 2], "rotation": 270, "texture": "#1"},
				"west": {"uv": [6.375, 4.25, 6, 3.75], "rotation": 180, "texture": "#1"},
				"up": {"uv": [6, 3.25, 6.375, 3.75], "rotation": 270, "texture": "#1"},
				"down": {"uv": [6, 2.75, 6.375, 3.25], "rotation": 270, "texture": "#1"}
			}
		},
		{
			"from": [7.34709, 9.56041, 8.3125],
			"to": [8.64709, 10.86041, 9.4625],
			"rotation": {"angle": 0, "axis": "x", "origin": [8, 10.1921, 8]},
			"faces": {
				"north": {"uv": [2.25, 5.5, 2.75, 6], "rotation": 90, "texture": "#1"},
				"east": {"uv": [5.125, 6.25, 4.75, 6.75], "texture": "#1"},
				"south": {"uv": [5.5, 2.5, 6, 3], "rotation": 270, "texture": "#1"},
				"west": {"uv": [4.625, 6.75, 4.25, 6.25], "rotation": 180, "texture": "#1"},
				"up": {"uv": [3.75, 6.25, 4.125, 6.75], "rotation": 270, "texture": "#1"},
				"down": {"uv": [3.25, 6.25, 3.625, 6.75], "rotation": 270, "texture": "#1"}
			}
		},
		{
			"from": [6.94618, 10.003, 10.60527],
			"to": [7.49618, 10.403, 11.95527],
			"rotation": {"angle": 0, "axis": "x", "origin": [8, 10.1921, 8]},
			"faces": {
				"north": {"uv": [7.75, 1.75, 7.875, 2], "rotation": 90, "texture": "#1"},
				"east": {"uv": [0.875, 7.5, 0.5, 7.625], "texture": "#1"},
				"south": {"uv": [2, 7.75, 2.125, 8], "rotation": 270, "texture": "#1"},
				"west": {"uv": [7.625, 7.375, 7.25, 7.25], "rotation": 180, "texture": "#1"},
				"up": {"uv": [7, 0.75, 7.375, 1], "rotation": 270, "texture": "#1"},
				"down": {"uv": [7, 0.5, 7.375, 0.75], "rotation": 270, "texture": "#1"}
			}
		},
		{
			"from": [7.7921, 9.20195, 10.58788],
			"to": [8.1921, 9.75195, 12.03788],
			"rotation": {"angle": 0, "axis": "x", "origin": [8, 10.1921, 8]},
			"faces": {
				"north": {"uv": [7.75, 2, 8, 2.125], "rotation": 90, "texture": "#1"},
				"east": {"uv": [5.25, 6.75, 4.75, 7], "texture": "#1"},
				"south": {"uv": [2.25, 7.75, 2.5, 7.875], "rotation": 270, "texture": "#1"},
				"west": {"uv": [4.75, 7, 4.25, 6.75], "rotation": 180, "texture": "#1"},
				"up": {"uv": [7.25, 2.25, 7.75, 2.375], "rotation": 270, "texture": "#1"},
				"down": {"uv": [2.25, 7.25, 2.75, 7.375], "rotation": 270, "texture": "#1"}
			}
		},
		{
			"from": [7.7921, 10.63696, 10.59923],
			"to": [8.1921, 11.18696, 12.04923],
			"rotation": {"angle": 0, "axis": "x", "origin": [8, 10.1921, 8]},
			"faces": {
				"north": {"uv": [7.75, 2.25, 8, 2.375], "rotation": 90, "texture": "#1"},
				"east": {"uv": [6.75, 6.75, 6.25, 7], "texture": "#1"},
				"south": {"uv": [2.5, 7.75, 2.75, 7.875], "rotation": 270, "texture": "#1"},
				"west": {"uv": [6, 7, 5.5, 6.75], "rotation": 180, "texture": "#1"},
				"up": {"uv": [3.25, 7.25, 3.75, 7.375], "rotation": 270, "texture": "#1"},
				"down": {"uv": [2.75, 7.25, 3.25, 7.375], "rotation": 270, "texture": "#1"}
			}
		},
		{
			"from": [8.52769, 10.003, 10.71291],
			"to": [9.07769, 10.403, 11.96291],
			"rotation": {"angle": 0, "axis": "x", "origin": [8, 10.1921, 8]},
			"faces": {
				"north": {"uv": [7.75, 2.5, 7.875, 2.75], "rotation": 90, "texture": "#1"},
				"east": {"uv": [7.875, 0.75, 7.5, 0.875], "texture": "#1"},